airline,date_of_journey,source,destination,dep_time,arrival_time,duration,total_stops,additional_info,price
Vistara,2019-04-21,Banglore,Delhi,11:30:00,14:20:00,170,0.0,No Info,5403
GoAir,2019-04-01,Kolkata,Banglore,16:40:00,00:15:00,455,1.0,No Info,5171
IndiGo,2019-04-15,Kolkata,Banglore,15:30:00,18:05:00,155,0.0,No Info,4174
Jet Airways,2019-03-27,Delhi,Cochin,19:10:00,19:45:00,1475,2.0,In-flight meal not included,8834
Air India,2019-03-03,Banglore,New Delhi,06:10:00,08:55:00,165,0.0,No Info,7591
Jet Airways,2019-05-21,Banglore,Delhi,06:00:00,08:45:00,165,0.0,In-flight meal not included,4030
IndiGo,2019-06-15,Banglore,Delhi,18:25:00,21:20:00,175,0.0,No Info,4823
Jet Airways,2019-06-09,Kolkata,Banglore,06:30:00,04:40:00,1330,1.0,No Info,14178
Jet Airways,2019-06-09,Banglore,Delhi,19:50:00,22:50:00,180,0.0,In-flight meal not included,7229
Jet Airways,2019-03-06,Banglore,New Delhi,11:40:00,09:30:00,1310,1.0,No Info,17261
IndiGo,2019-04-27,Banglore,Delhi,22:10:00,01:00:00,170,0.0,No Info,3943
GoAir,2019-03-24,Banglore,New Delhi,11:40:00,14:35:00,175,0.0,No Info,3898
Jet Airways,2019-05-21,Kolkata,Banglore,06:30:00,09:20:00,1610,1.0,In-flight meal not included,9663
SpiceJet,2019-06-09,Kolkata,Banglore,22:20:00,00:40:00,140,0.0,No check-in baggage included,3841
Vistara,2019-03-06,Mumbai,Hyderabad,21:55:00,09:25:00,690,1.0,No Info,12395
IndiGo,2019-05-27,Delhi,Cochin,08:35:00,22:30:00,835,1.0,No Info,6442
Jet Airways,2019-05-21,Kolkata,Banglore,18:55:00,04:40:00,585,1.0,No Info,14388
Jet Airways,2019-06-12,Delhi,Cochin,06:45:00,04:25:00,1300,2.0,In-flight meal not included,10919
Jet Airways,2019-06-06,Delhi,Cochin,15:00:00,19:00:00,1680,1.0,In-flight meal not included,10262
IndiGo,2019-03-09,Chennai,Kolkata,11:35:00,14:00:00,145,0.0,No Info,6297
IndiGo,2019-04-18,Kolkata,Banglore,04:40:00,07:15:00,155,0.0,No Info,4174
Air India,2019-06-15,Delhi,Cochin,06:10:00,23:00:00,1010,1.0,No Info,8907
Vistara,2019-04-03,Banglore,Delhi,11:30:00,14:20:00,170,0.0,No Info,5403
Jet Airways,2019-06-06,Kolkata,Banglore,18:55:00,12:00:00,1025,1.0,In-flight meal not included,10844
Multiple carriers,2019-06-01,Delhi,Cochin,09:00:00,21:00:00,720,1.0,No Info,7933
Jet Airways,2019-06-12,Delhi,Cochin,07:05:00,19:00:00,715,1.0,In-flight meal not included,15190
Air India,2019-05-09,Delhi,Cochin,05:00:00,19:15:00,2295,2.0,No Info,10441
Jet Airways,2019-04-21,Banglore,Delhi,15:15:00,18:10:00,175,0.0,No Info,7229
Multiple carriers,2019-05-09,Delhi,Cochin,17:45:00,01:30:00,465,1.0,No Info,9021
IndiGo,2019-05-01,Banglore,Delhi,16:55:00,19:55:00,180,0.0,No Info,4823
IndiGo,2019-05-24,Chennai,Kolkata,13:15:00,15:35:00,140,0.0,No Info,3597
Air India,2019-03-18,Banglore,New Delhi,10:30:00,17:45:00,435,2.0,No Info,13261
IndiGo,2019-06-06,Delhi,Cochin,02:00:00,07:45:00,345,1.0,No Info,6386
Jet Airways,2019-05-15,Kolkata,Banglore,18:55:00,22:35:00,1660,1.0,In-flight meal not included,10844
SpiceJet,2019-03-01,Mumbai,Hyderabad,05:45:00,07:05:00,80,0.0,No Info,12475
Jet Airways,2019-06-03,Delhi,Cochin,17:30:00,04:25:00,655,1.0,No Info,14714
Air Asia,2019-04-01,Kolkata,Banglore,06:50:00,10:30:00,220,1.0,No Info,5162
Jet Airways,2019-06-09,Kolkata,Banglore,10:20:00,17:35:00,435,1.0,In-flight meal not included,5608
Jet Airways,2019-06-12,Kolkata,Banglore,18:55:00,12:00:00,1025,1.0,In-flight meal not included,8529
SpiceJet,2019-03-27,Delhi,Cochin,08:45:00,13:15:00,270,1.0,No check-in baggage included,4414
Air India,2019-05-01,Kolkata,Banglore,12:00:00,11:10:00,1390,2.0,No Info,11148
GoAir,2019-04-18,Banglore,Delhi,07:45:00,10:40:00,175,0.0,No Info,5048
SpiceJet,2019-05-12,Banglore,Delhi,09:30:00,12:20:00,170,0.0,No Info,4423
Jet Airways,2019-06-06,Delhi,Cochin,19:45:00,19:00:00,1395,1.0,No Info,14714
Jet Airways,2019-06-01,Delhi,Cochin,05:30:00,19:00:00,810,2.0,In-flight meal not included,10368
Jet Airways,2019-03-24,Kolkata,Banglore,18:55:00,04:45:00,590,1.0,No Info,14231
Jet Airways,2019-06-24,Banglore,Delhi,18:55:00,22:00:00,185,0.0,In-flight meal not included,6478
Jet Airways,2019-05-12,Banglore,Delhi,08:20:00,11:20:00,180,0.0,No Info,7229
Jet Airways,2019-06-09,Kolkata,Banglore,09:35:00,21:05:00,690,1.0,In-flight meal not included,13994
Jet Airways,2019-06-09,Kolkata,Banglore,08:25:00,04:40:00,1215,1.0,No Info,13731
IndiGo,2019-06-06,Banglore,Delhi,04:00:00,06:50:00,170,0.0,No Info,3943
Multiple carriers,2019-06-24,Delhi,Cochin,13:00:00,01:30:00,750,1.0,No Info,13377
Multiple carriers,2019-06-24,Delhi,Cochin,08:00:00,21:00:00,780,1.0,No Info,7618
Jet Airways,2019-05-09,Kolkata,Banglore,08:25:00,04:40:00,1215,1.0,In-flight meal not included,8586
Jet Airways,2019-06-03,Delhi,Cochin,15:00:00,19:00:00,1680,1.0,No Info,14714
Jet Airways,2019-06-01,Delhi,Cochin,18:15:00,04:25:00,610,1.0,In-flight meal not included,10262
IndiGo,2019-04-15,Kolkata,Banglore,17:15:00,19:50:00,155,0.0,No Info,4174
Vistara,2019-05-01,Banglore,Delhi,09:45:00,12:35:00,170,0.0,No Info,4668
Jet Airways,2019-06-15,Delhi,Cochin,22:50:00,12:35:00,825,1.0,In-flight meal not included,10262
IndiGo,2019-06-27,Delhi,Cochin,07:15:00,12:30:00,315,1.0,No Info,6582
Multiple carriers,2019-03-21,Delhi,Cochin,19:00:00,01:35:00,395,1.0,No Info,6838
Air India,2019-06-24,Delhi,Cochin,17:40:00,23:00:00,320,1.0,No Info,7174
Jet Airways,2019-03-06,Delhi,Cochin,02:15:00,04:25:00,1570,1.0,No Info,17024
Jet Airways,2019-06-06,Kolkata,Banglore,09:35:00,18:00:00,505,1.0,In-flight meal not included,10539
Multiple carriers,2019-05-09,Delhi,Cochin,08:45:00,19:00:00,615,1.0,No Info,9794
Air India,2019-06-24,Delhi,Cochin,10:55:00,19:15:00,500,2.0,No Info,11753
Air India,2019-05-27,Delhi,Cochin,17:15:00,07:40:00,865,2.0,No Info,13879
IndiGo,2019-03-03,Delhi,Cochin,07:30:00,15:30:00,480,1.0,No Info,14871
Air India,2019-06-24,Delhi,Cochin,19:45:00,19:15:00,1410,2.0,No Info,9443
IndiGo,2019-05-27,Mumbai,Hyderabad,09:10:00,10:40:00,90,0.0,No Info,4049
Jet Airways,2019-05-06,Mumbai,Hyderabad,02:55:00,04:20:00,85,0.0,In-flight meal not included,3210
Air India,2019-03-12,Banglore,New Delhi,17:25:00,23:25:00,1800,2.0,No Info,12725
IndiGo,2019-03-15,Kolkata,Banglore,09:35:00,12:20:00,165,0.0,No Info,4148
IndiGo,2019-06-24,Banglore,Delhi,18:15:00,21:20:00,185,0.0,No Info,4823
Jet Airways,2019-05-21,Delhi,Cochin,07:05:00,12:35:00,330,1.0,No Info,16289
Air Asia,2019-06-27,Kolkata,Banglore,19:55:00,22:25:00,150,0.0,No Info,3807
Air India,2019-06-03,Delhi,Cochin,20:40:00,09:25:00,765,1.0,No Info,7480
Jet Airways,2019-05-24,Kolkata,Banglore,20:25:00,21:05:00,1480,1.0,No Info,14151
IndiGo,2019-06-27,Chennai,Kolkata,07:55:00,10:15:00,140,0.0,No Info,3850
IndiGo,2019-05-15,Delhi,Cochin,16:10:00,22:30:00,380,1.0,No Info,6412
Jet Airways,2019-05-09,Delhi,Cochin,09:40:00,19:00:00,560,2.0,No Info,15129
Air India,2019-05-18,Kolkata,Banglore,09:25:00,18:30:00,545,1.0,No Info,8576
Multiple carriers,2019-06-27,Delhi,Cochin,11:30:00,19:15:00,465,1.0,No Info,14848
Jet Airways,2019-03-24,Kolkata,Banglore,08:25:00,04:45:00,1220,1.0,In-flight meal not included,10031
IndiGo,2019-04-03,Kolkata,Banglore,04:40:00,07:15:00,155,0.0,No Info,4174
Air India,2019-03-09,Banglore,New Delhi,10:00:00,12:45:00,165,0.0,No Info,7801
SpiceJet,2019-03-24,Banglore,New Delhi,09:35:00,12:30:00,175,0.0,No Info,3925
Jet Airways,2019-04-01,Kolkata,Banglore,18:55:00,18:15:00,1400,1.0,No Info,12681
SpiceJet,2019-06-01,Banglore,Delhi,21:10:00,00:05:00,175,0.0,No check-in baggage included,3573
Jet Airways,2019-06-09,Delhi,Cochin,22:50:00,04:25:00,335,1.0,In-flight meal not included,10262
Jet Airways,2019-06-03,Delhi,Cochin,14:00:00,04:25:00,865,1.0,In-flight meal not included,10262
Vistara,2019-05-09,Chennai,Kolkata,07:05:00,09:20:00,135,0.0,No Info,3687
IndiGo,2019-03-21,Delhi,Cochin,08:25:00,15:30:00,425,1.0,No Info,9709
Multiple carriers,2019-06-15,Delhi,Cochin,13:00:00,01:30:00,750,1.0,No Info,13377
Jet Airways,2019-03-21,Delhi,Cochin,18:20:00,04:25:00,2045,2.0,No Info,13082
IndiGo,2019-03-01,Kolkata,Banglore,22:10:00,00:55:00,165,0.0,No Info,4778
Jet Airways,2019-05-09,Kolkata,Banglore,16:30:00,08:15:00,945,1.0,No Info,13941
Jet Airways,2019-05-06,Kolkata,Banglore,17:00:00,22:05:00,1745,1.0,No Info,11467
Air India,2019-06-09,Delhi,Cochin,21:00:00,19:15:00,1335,1.0,No Info,8372
Multiple carriers,2019-05-09,Delhi,Cochin,17:30:00,01:30:00,480,1.0,No Info,15078
Jet Airways,2019-05-21,Delhi,Cochin,09:50:00,13:05:00,195,0.0,In-flight meal not included,7202
Air Asia,2019-05-15,Delhi,Cochin,07:55:00,13:25:00,330,1.0,No Info,6451
IndiGo,2019-04-24,Delhi,Cochin,16:00:00,21:00:00,300,1.0,No Info,5065
Jet Airways,2019-05-15,Banglore,Delhi,11:10:00,14:05:00,175,0.0,In-flight meal not included,4030
Air India,2019-06-12,Kolkata,Banglore,16:50:00,07:55:00,905,1.0,No Info,8366
Multiple carriers,2019-05-24,Delhi,Cochin,13:00:00,21:00:00,480,1.0,No Info,14067
Jet Airways,2019-06-24,Banglore,Delhi,08:20:00,11:20:00,180,0.0,In-flight meal not included,5769
Air India,2019-06-06,Banglore,Delhi,06:10:00,08:55:00,165,0.0,No Info,6961
IndiGo,2019-05-18,Banglore,Delhi,22:10:00,01:00:00,170,0.0,No Info,3943
SpiceJet,2019-06-06,Delhi,Cochin,15:45:00,22:05:00,380,1.0,No Info,5583
Jet Airways,2019-06-24,Delhi,Cochin,10:00:00,04:25:00,1105,1.0,In-flight meal not included,10262
IndiGo,2019-05-18,Kolkata,Banglore,22:15:00,00:50:00,155,0.0,No Info,4804
Air India,2019-05-27,Delhi,Cochin,13:30:00,23:00:00,570,1.0,No Info,8907
IndiGo,2019-03-03,Mumbai,Hyderabad,16:55:00,18:25:00,90,0.0,No Info,6795
Multiple carriers,2019-03-03,Delhi,Cochin,10:45:00,18:50:00,485,1.0,No Info,15135
Jet Airways,2019-04-01,Kolkata,Banglore,18:55:00,16:20:00,1285,1.0,No Info,12681
SpiceJet,2019-06-01,Kolkata,Banglore,06:55:00,09:30:00,155,0.0,No Info,3873
Jet Airways,2019-05-12,Kolkata,Banglore,18:55:00,04:40:00,585,1.0,No Info,14388
Jet Airways,2019-05-09,Kolkata,Banglore,21:10:00,09:20:00,730,1.0,In-flight meal not included,9663
IndiGo,2019-05-27,Banglore,Delhi,08:30:00,11:20:00,170,0.0,No Info,4823
Jet Airways,2019-05-27,Delhi,Cochin,09:40:00,12:35:00,1615,2.0,No Info,15129
IndiGo,2019-03-09,Banglore,New Delhi,23:30:00,02:20:00,170,0.0,No Info,5694
Air India,2019-04-06,Delhi,Cochin,17:20:00,09:25:00,965,1.0,No Info,4697
Air India,2019-05-18,Chennai,Kolkata,11:40:00,13:55:00,135,0.0,No Info,4667
IndiGo,2019-05-21,Delhi,Cochin,23:30:00,04:35:00,305,1.0,No Info,8745
Jet Airways,2019-06-06,Kolkata,Banglore,06:30:00,07:25:00,1495,2.0,In-flight meal not included,10118
Jet Airways,2019-05-27,Delhi,Cochin,18:15:00,04:25:00,610,1.0,In-flight meal not included,12898
Multiple carriers,2019-06-24,Delhi,Cochin,13:00:00,21:00:00,480,1.0,No Info,7408
Jet Airways,2019-05-01,Mumbai,Hyderabad,07:05:00,08:30:00,85,0.0,No Info,8040
Jet Airways,2019-06-27,Delhi,Cochin,09:40:00,12:35:00,1615,2.0,No Info,13014
Air Asia,2019-05-18,Delhi,Cochin,07:55:00,13:25:00,330,1.0,No Info,8759
IndiGo,2019-04-15,Banglore,Delhi,18:25:00,21:20:00,175,0.0,No Info,4823
Air Asia,2019-06-01,Delhi,Cochin,16:45:00,07:10:00,865,1.0,No Info,11410
Jet Airways,2019-05-15,Kolkata,Banglore,18:55:00,10:05:00,910,1.0,In-flight meal not included,9663
SpiceJet,2019-03-24,Chennai,Kolkata,17:45:00,20:05:00,140,0.0,No Info,5418
Jet Airways,2019-03-21,Delhi,Cochin,22:00:00,18:50:00,1250,1.0,In-flight meal not included,6017
Air India,2019-05-21,Banglore,Delhi,17:00:00,19:50:00,170,0.0,No Info,6961
Air India,2019-06-12,Kolkata,Banglore,12:00:00,18:30:00,1830,2.0,No Info,9416
Jet Airways,2019-06-27,Delhi,Cochin,02:15:00,19:00:00,1005,1.0,In-flight meal not included,10262
Jet Airways,2019-05-18,Kolkata,Banglore,20:00:00,18:15:00,1335,1.0,In-flight meal not included,10844
Jet Airways,2019-05-24,Kolkata,Banglore,08:25:00,19:50:00,685,1.0,No Info,14571
IndiGo,2019-05-27,Kolkata,Banglore,14:25:00,16:55:00,150,0.0,No Info,5224
SpiceJet,2019-04-06,Banglore,Delhi,09:30:00,12:20:00,170,0.0,No Info,4423
Jet Airways,2019-05-15,Kolkata,Banglore,21:10:00,16:20:00,1150,1.0,In-flight meal not included,10844
Multiple carriers,2019-06-01,Delhi,Cochin,08:00:00,19:15:00,675,1.0,No Info,16108
Air India,2019-03-12,Mumbai,Hyderabad,10:05:00,19:10:00,545,2.0,No Info,9736
Vistara,2019-05-24,Kolkata,Banglore,20:20:00,20:20:00,1440,1.0,No Info,9345
Air India,2019-05-27,Mumbai,Hyderabad,13:55:00,15:25:00,90,0.0,No Info,3625
Jet Airways,2019-03-09,Delhi,Cochin,19:45:00,04:25:00,520,1.0,No Info,15554
Jet Airways,2019-03-09,Banglore,New Delhi,08:55:00,11:25:00,1590,1.0,In-flight meal not included,11087
Jet Airways,2019-06-15,Delhi,Cochin,07:05:00,12:35:00,330,1.0,In-flight meal not included,10262
IndiGo,2019-03-24,Banglore,New Delhi,01:30:00,04:15:00,165,0.0,No Info,4238
Jet Airways,2019-06-12,Kolkata,Banglore,16:30:00,04:40:00,730,1.0,No Info,12471
Jet Airways,2019-03-21,Banglore,New Delhi,22:50:00,11:25:00,755,1.0,In-flight meal not included,7832
IndiGo,2019-06-24,Delhi,Cochin,05:10:00,10:05:00,295,1.0,No Info,6496
IndiGo,2019-05-15,Kolkata,Banglore,19:35:00,23:15:00,220,1.0,No Info,4226
Jet Airways,2019-04-09,Banglore,Delhi,18:55:00,22:00:00,185,0.0,No Info,7229
GoAir,2019-03-09,Banglore,New Delhi,07:45:00,10:40:00,175,0.0,No Info,7631
IndiGo,2019-06-24,Delhi,Cochin,11:55:00,22:30:00,635,1.0,No Info,6442
Jet Airways,2019-06-12,Delhi,Cochin,13:00:00,19:00:00,360,1.0,No Info,14714
IndiGo,2019-06-03,Chennai,Kolkata,07:55:00,10:15:00,140,0.0,No Info,3850
Air India,2019-06-27,Delhi,Cochin,17:15:00,19:15:00,1560,2.0,No Info,12199
Air India,2019-05-24,Mumbai,Hyderabad,15:00:00,16:25:00,85,0.0,No Info,3100
Multiple carriers,2019-06-24,Delhi,Cochin,07:10:00,22:30:00,920,1.0,No Info,6723
Multiple carriers,2019-03-21,Delhi,Cochin,11:30:00,01:35:00,845,1.0,No Info,13542
Air Asia,2019-06-09,Kolkata,Banglore,10:20:00,12:55:00,155,0.0,No Info,5645
Air India,2019-05-24,Kolkata,Banglore,17:30:00,20:25:00,1615,1.0,No Info,10623
IndiGo,2019-06-24,Mumbai,Hyderabad,06:25:00,07:55:00,90,0.0,No Info,4049
Air India,2019-06-12,Kolkata,Banglore,09:50:00,23:15:00,805,2.0,No Info,14960
Air India,2019-06-12,Kolkata,Banglore,05:50:00,23:15:00,1045,2.0,No Info,12723
Air India,2019-03-06,Delhi,Cochin,06:05:00,09:25:00,1640,1.0,No Info,12677
Jet Airways,2019-05-18,Delhi,Cochin,08:00:00,04:25:00,1225,1.0,In-flight meal not included,12373
Jet Airways,2019-04-03,Delhi,Cochin,14:00:00,12:35:00,1355,1.0,In-flight meal not included,5177
IndiGo,2019-05-03,Mumbai,Hyderabad,02:35:00,04:05:00,90,0.0,No Info,2754
Air India,2019-05-01,Mumbai,Hyderabad,19:30:00,20:45:00,75,0.0,No Info,3100
SpiceJet,2019-05-27,Chennai,Kolkata,08:20:00,10:35:00,135,0.0,No Info,3597
Air India,2019-03-01,Mumbai,Hyderabad,19:30:00,20:45:00,75,0.0,No Info,15385
Air India,2019-06-03,Delhi,Cochin,09:45:00,23:00:00,795,1.0,No Info,8907
Jet Airways,2019-06-27,Banglore,Delhi,08:20:00,11:20:00,180,0.0,No Info,8016
Multiple carriers,2019-06-24,Delhi,Cochin,15:15:00,01:30:00,615,1.0,In-flight meal not included,5797
IndiGo,2019-05-27,Delhi,Cochin,06:40:00,21:00:00,860,1.0,No Info,6526
Air India,2019-06-21,Delhi,Cochin,05:10:00,08:00:00,170,0.0,No Info,5201
Jet Airways,2019-05-12,Banglore,Delhi,19:50:00,22:50:00,180,0.0,No Info,7229
IndiGo,2019-04-09,Delhi,Cochin,07:30:00,21:00:00,810,1.0,No Info,6093
Jet Airways,2019-04-03,Banglore,Delhi,15:15:00,18:10:00,175,0.0,In-flight meal not included,4544
GoAir,2019-03-15,Banglore,New Delhi,07:45:00,10:40:00,175,0.0,No Info,5706
Multiple carriers,2019-06-27,Delhi,Cochin,14:00:00,01:30:00,690,1.0,No Info,13377
Air India,2019-05-24,Kolkata,Banglore,09:50:00,23:15:00,805,2.0,No Info,15170
IndiGo,2019-06-24,Kolkata,Banglore,15:15:00,17:45:00,150,0.0,No Info,4804
SpiceJet,2019-05-01,Mumbai,Hyderabad,22:45:00,00:15:00,90,0.0,No check-in baggage included,1965
Jet Airways,2019-06-12,Delhi,Cochin,19:30:00,04:25:00,535,2.0,In-flight meal not included,10368
IndiGo,2019-05-01,Kolkata,Banglore,20:20:00,22:55:00,155,0.0,No Info,4804
Air India,2019-06-15,Banglore,Delhi,06:10:00,08:55:00,165,0.0,No Info,6961
Vistara,2019-06-01,Chennai,Kolkata,07:05:00,09:20:00,135,0.0,No Info,3687
SpiceJet,2019-06-06,Chennai,Kolkata,17:45:00,20:05:00,140,0.0,No check-in baggage included,3543
Multiple carriers,2019-05-27,Delhi,Cochin,11:30:00,19:15:00,465,1.0,No Info,15898
Air India,2019-05-15,Delhi,Cochin,12:00:00,07:40:00,1180,2.0,No Info,10651
SpiceJet,2019-04-03,Banglore,Delhi,05:55:00,08:35:00,160,0.0,No Info,3971
Jet Airways,2019-05-15,Kolkata,Banglore,09:35:00,18:00:00,505,1.0,No Info,13067
Air Asia,2019-05-15,Kolkata,Banglore,15:10:00,23:30:00,500,2.0,No Info,5192
Jet Airways,2019-06-06,Kolkata,Banglore,16:30:00,22:35:00,365,1.0,In-flight meal not included,10844
Jet Airways,2019-06-27,Delhi,Cochin,14:00:00,12:35:00,1355,1.0,In-flight meal not included,10262
Air India,2019-06-09,Kolkata,Banglore,09:25:00,07:55:00,1350,1.0,No Info,8366
Jet Airways,2019-06-06,Delhi,Cochin,18:15:00,04:25:00,610,1.0,In-flight meal not included,10262
Jet Airways,2019-03-24,Kolkata,Banglore,16:55:00,16:20:00,1405,1.0,In-flight meal not included,11134
Air India,2019-04-01,Kolkata,Banglore,20:30:00,12:00:00,930,1.0,No Info,7893
Air India,2019-06-18,Delhi,Cochin,18:05:00,21:10:00,185,0.0,No Info,5201
Air India,2019-05-21,Kolkata,Banglore,09:25:00,21:50:00,745,1.0,No Info,8366
Jet Airways,2019-05-21,Delhi,Cochin,09:35:00,12:35:00,1620,2.0,No Info,13559
IndiGo,2019-04-18,Banglore,Delhi,08:30:00,11:20:00,170,0.0,No Info,5740
Jet Airways,2019-06-06,Kolkata,Banglore,17:00:00,18:00:00,1500,1.0,In-flight meal not included,10539
Jet Airways,2019-05-03,Mumbai,Hyderabad,10:20:00,11:50:00,90,0.0,No Info,8040
Vistara,2019-05-21,Kolkata,Banglore,17:00:00,23:25:00,385,1.0,No Info,9345
IndiGo,2019-03-09,Banglore,New Delhi,22:20:00,01:10:00,170,0.0,No Info,6144
IndiGo,2019-03-27,Kolkata,Banglore,15:20:00,17:55:00,155,0.0,No Info,5198
Air India,2019-03-03,Banglore,New Delhi,10:00:00,12:45:00,165,0.0,No Info,8588
IndiGo,2019-04-01,Mumbai,Hyderabad,02:35:00,04:05:00,90,0.0,No Info,2754
Multiple carriers,2019-06-15,Delhi,Cochin,07:00:00,21:00:00,840,1.0,No Info,7408
Multiple carriers,2019-06-03,Delhi,Cochin,15:00:00,01:30:00,630,1.0,No Info,13377
Multiple carriers,2019-06-27,Delhi,Cochin,14:00:00,21:00:00,420,1.0,No Info,13587
Jet Airways,2019-03-21,Banglore,New Delhi,08:55:00,16:10:00,435,1.0,In-flight meal not included,7832
GoAir,2019-05-06,Banglore,Delhi,11:40:00,14:30:00,170,0.0,No Info,3398
Vistara,2019-03-03,Banglore,New Delhi,21:10:00,00:05:00,175,0.0,No Info,7608
SpiceJet,2019-04-15,Delhi,Cochin,08:45:00,13:15:00,270,1.0,No Info,5830
IndiGo,2019-06-15,Banglore,Delhi,23:30:00,02:20:00,170,0.0,No Info,4077
Multiple carriers,2019-03-03,Delhi,Cochin,08:55:00,18:50:00,595,1.0,No Info,15411
IndiGo,2019-06-09,Delhi,Cochin,16:00:00,21:00:00,300,1.0,No Info,6069
Jet Airways,2019-03-27,Delhi,Cochin,09:55:00,18:50:00,535,1.0,In-flight meal not included,5963
Multiple carriers,2019-06-24,Delhi,Cochin,10:20:00,21:00:00,640,1.0,In-flight meal not included,6007
Air India,2019-05-27,Delhi,Cochin,17:40:00,23:00:00,320,1.0,No Info,7174
Jet Airways,2019-03-09,Delhi,Cochin,18:15:00,04:25:00,610,1.0,In-flight meal not included,14053
IndiGo,2019-04-24,Kolkata,Banglore,14:25:00,16:55:00,150,0.0,No Info,4804
Jet Airways,2019-06-09,Banglore,Delhi,11:10:00,14:05:00,175,0.0,No Info,8016
Air India,2019-06-12,Delhi,Cochin,05:10:00,08:00:00,170,0.0,No Info,5201
Air India,2019-05-09,Kolkata,Banglore,08:20:00,23:15:00,895,2.0,No Info,11432
Vistara,2019-04-01,Kolkata,Banglore,17:00:00,18:50:00,1550,1.0,No Info,8610
SpiceJet,2019-05-18,Kolkata,Banglore,11:15:00,18:30:00,435,1.0,No Info,10944
Multiple carriers,2019-06-15,Delhi,Cochin,08:45:00,19:15:00,630,1.0,No Info,9526
Air India,2019-06-27,Kolkata,Banglore,14:15:00,16:45:00,150,0.0,No Info,5510
Jet Airways,2019-03-06,Banglore,New Delhi,11:40:00,23:00:00,680,1.0,No Info,16736
Air India,2019-03-27,Delhi,Cochin,21:00:00,19:15:00,1335,1.0,No Info,6692
Multiple carriers,2019-06-03,Delhi,Cochin,09:00:00,21:00:00,720,1.0,No Info,13587
Jet Airways,2019-03-27,Delhi,Cochin,09:00:00,18:50:00,590,1.0,In-flight meal not included,5963
Multiple carriers,2019-06-06,Delhi,Cochin,07:00:00,19:00:00,720,1.0,No Info,12192
Vistara,2019-03-03,Banglore,New Delhi,07:00:00,09:40:00,160,0.0,No Info,8028
Jet Airways,2019-03-01,Banglore,New Delhi,11:40:00,00:45:00,785,1.0,No Info,26890
Jet Airways,2019-06-24,Delhi,Cochin,19:15:00,19:00:00,1425,1.0,In-flight meal not included,10262
Multiple carriers,2019-05-06,Delhi,Cochin,13:00:00,21:00:00,480,1.0,No Info,13727
Jet Airways,2019-05-27,Mumbai,Hyderabad,02:55:00,04:20:00,85,0.0,No Info,5678
Jet Airways,2019-05-18,Kolkata,Banglore,21:10:00,04:40:00,450,1.0,In-flight meal not included,8586
Jet Airways,2019-05-09,Kolkata,Banglore,20:25:00,21:05:00,1480,1.0,No Info,13067
Jet Airways,2019-06-24,Delhi,Cochin,13:00:00,12:35:00,1415,1.0,In-flight meal not included,10262
Multiple carriers,2019-03-27,Delhi,Cochin,10:20:00,21:00:00,640,1.0,No Info,6637
IndiGo,2019-06-09,Banglore,Delhi,00:25:00,03:15:00,170,0.0,No Info,3943
IndiGo,2019-06-03,Chennai,Kolkata,19:35:00,21:55:00,140,0.0,No Info,3597
GoAir,2019-03-27,Delhi,Cochin,06:00:00,13:20:00,440,1.0,No Info,4563
Vistara,2019-03-24,Kolkata,Banglore,07:10:00,10:50:00,1660,1.0,No Info,11262
Jet Airways,2019-05-21,Delhi,Cochin,19:45:00,04:25:00,520,1.0,In-flight meal not included,12898
Multiple carriers,2019-06-09,Delhi,Cochin,02:15:00,11:30:00,555,1.0,No Info,13587
IndiGo,2019-06-12,Delhi,Cochin,07:35:00,16:10:00,515,1.0,No Info,6442
Jet Airways,2019-05-03,Mumbai,Hyderabad,02:55:00,04:20:00,85,0.0,No Info,5678
IndiGo,2019-03-18,Mumbai,Hyderabad,20:05:00,21:35:00,90,0.0,No Info,2227
Multiple carriers,2019-03-27,Delhi,Cochin,07:05:00,16:10:00,545,1.0,No Info,6076
Multiple carriers,2019-05-27,Delhi,Cochin,17:45:00,01:30:00,465,1.0,No Info,6795
Jet Airways,2019-06-27,Delhi,Cochin,19:15:00,19:00:00,1425,1.0,In-flight meal not included,10262
Multiple carriers,2019-05-21,Delhi,Cochin,17:30:00,01:30:00,480,1.0,No Info,14067
SpiceJet,2019-06-27,Delhi,Cochin,17:55:00,22:50:00,295,1.0,No Info,4957
IndiGo,2019-06-09,Delhi,Cochin,05:05:00,16:10:00,665,1.0,No Info,6600
Jet Airways,2019-05-01,Kolkata,Banglore,18:55:00,08:15:00,800,1.0,In-flight meal not included,8586
IndiGo,2019-05-27,Banglore,Delhi,22:10:00,01:00:00,170,0.0,No Info,3749
SpiceJet,2019-03-21,Chennai,Kolkata,17:45:00,20:05:00,140,0.0,No check-in baggage included,3332
Jet Airways,2019-03-03,Delhi,Cochin,18:20:00,18:50:00,1470,2.0,No Info,20747
Jet Airways,2019-06-09,Delhi,Cochin,09:40:00,12:35:00,1615,2.0,No Info,13014
Jet Airways,2019-04-01,Kolkata,Banglore,20:00:00,22:35:00,1595,1.0,In-flight meal not included,7064
Jet Airways,2019-05-01,Kolkata,Banglore,17:00:00,19:10:00,1570,1.0,No Info,11467
Air Asia,2019-03-24,Kolkata,Banglore,19:35:00,22:05:00,150,0.0,No Info,5964
Air Asia,2019-03-12,Kolkata,Banglore,19:35:00,22:05:00,150,0.0,No Info,4384
Multiple carriers,2019-05-15,Delhi,Cochin,11:25:00,19:00:00,455,1.0,No Info,9103
Air India,2019-04-27,Banglore,Delhi,13:20:00,16:10:00,170,0.0,No Info,5228
IndiGo,2019-03-06,Delhi,Cochin,17:30:00,01:35:00,485,1.0,No Info,14871
Air India,2019-03-01,Banglore,New Delhi,05:50:00,22:10:00,980,2.0,No Info,13576
SpiceJet,2019-04-18,Kolkata,Banglore,22:20:00,00:40:00,140,0.0,No Info,4174
IndiGo,2019-04-12,Kolkata,Banglore,17:15:00,19:50:00,155,0.0,No Info,4174
IndiGo,2019-03-24,Banglore,New Delhi,10:10:00,13:00:00,170,0.0,No Info,10067
Air India,2019-05-09,Kolkata,Banglore,09:25:00,05:25:00,1200,2.0,No Info,14687
Air India,2019-05-24,Kolkata,Banglore,05:50:00,12:30:00,1840,2.0,No Info,12723
Multiple carriers,2019-05-09,Delhi,Cochin,10:20:00,19:00:00,520,1.0,No Info,9794
Air India,2019-03-15,Banglore,New Delhi,05:50:00,12:05:00,1815,2.0,No Info,7664
Jet Airways,2019-06-03,Delhi,Cochin,14:35:00,12:35:00,1320,2.0,No Info,13376
Air India,2019-03-06,Mumbai,Hyderabad,05:30:00,14:50:00,560,2.0,No Info,13757
IndiGo,2019-06-09,Kolkata,Banglore,15:15:00,20:30:00,315,1.0,No Info,5380
Jet Airways,2019-06-09,Delhi,Cochin,21:50:00,19:00:00,1270,1.0,No Info,14714
IndiGo,2019-06-01,Kolkata,Banglore,04:40:00,07:15:00,155,0.0,No Info,4804
Air India,2019-05-15,Chennai,Kolkata,11:40:00,13:55:00,135,0.0,No Info,4667
Jet Airways,2019-04-09,Banglore,Delhi,06:00:00,08:45:00,165,0.0,In-flight meal not included,4544
Multiple carriers,2019-05-21,Delhi,Cochin,06:40:00,19:15:00,755,1.0,No Info,7787
Jet Airways,2019-03-09,Delhi,Cochin,16:00:00,04:25:00,745,1.0,No Info,16289
SpiceJet,2019-03-21,Kolkata,Banglore,22:20:00,00:40:00,140,0.0,No Info,3847
Air India,2019-05-15,Kolkata,Banglore,19:00:00,11:05:00,965,1.0,No Info,6117
Air India,2019-06-12,Kolkata,Banglore,09:10:00,04:40:00,1170,2.0,No Info,6117
Air India,2019-05-18,Kolkata,Banglore,12:00:00,13:15:00,1515,1.0,No Info,7662
Jet Airways,2019-06-15,Banglore,Delhi,15:15:00,18:10:00,175,0.0,No Info,8016
Jet Airways,2019-06-03,Banglore,Delhi,06:00:00,08:45:00,165,0.0,In-flight meal not included,5769
Multiple carriers,2019-06-01,Delhi,Cochin,13:00:00,21:00:00,480,1.0,No Info,13587
SpiceJet,2019-03-27,Chennai,Kolkata,09:30:00,12:05:00,155,0.0,No Info,3384
SpiceJet,2019-06-06,Chennai,Kolkata,08:20:00,10:35:00,135,0.0,No Info,3597
Air India,2019-06-06,Delhi,Cochin,06:05:00,09:25:00,1640,1.0,No Info,7952
Jet Airways,2019-06-24,Delhi,Cochin,11:40:00,19:00:00,440,2.0,In-flight meal not included,15812
IndiGo,2019-05-12,Banglore,Delhi,10:10:00,13:00:00,170,0.0,No Info,3943
Jet Airways,2019-06-15,Delhi,Cochin,17:30:00,04:25:00,655,1.0,In-flight meal not included,10262
Air India,2019-06-27,Delhi,Cochin,10:55:00,19:15:00,500,2.0,No Info,11753
Air India,2019-06-03,Delhi,Cochin,14:10:00,17:10:00,180,0.0,No Info,6934
Multiple carriers,2019-06-03,Delhi,Cochin,09:45:00,16:10:00,385,1.0,No Info,9646
Vistara,2019-04-15,Delhi,Cochin,14:40:00,17:50:00,190,0.0,No Info,6216
Jet Airways,2019-05-06,Kolkata,Banglore,09:35:00,21:05:00,690,1.0,In-flight meal not included,10703
Jet Airways,2019-06-27,Delhi,Cochin,14:35:00,12:35:00,1320,2.0,No Info,13376
Air India,2019-06-24,Delhi,Cochin,16:55:00,19:15:00,1580,2.0,No Info,13381
Jet Airways,2019-06-03,Delhi,Cochin,09:40:00,12:35:00,1615,2.0,No Info,13014
Multiple carriers,2019-05-21,Delhi,Cochin,07:05:00,21:00:00,835,1.0,In-flight meal not included,9930
Multiple carriers,2019-06-01,Delhi,Cochin,11:40:00,19:15:00,455,1.0,No Info,10261
SpiceJet,2019-05-09,Mumbai,Hyderabad,05:45:00,07:15:00,90,0.0,No check-in baggage included,1965
Multiple carriers,2019-03-06,Delhi,Cochin,09:00:00,19:15:00,615,1.0,In-flight meal not included,15342
Multiple carriers,2019-03-27,Delhi,Cochin,08:00:00,21:00:00,780,1.0,No Info,6883
Jet Airways,2019-06-24,Mumbai,Hyderabad,02:55:00,04:20:00,85,0.0,In-flight meal not included,4050
Jet Airways,2019-05-01,Kolkata,Banglore,20:25:00,22:05:00,1540,1.0,No Info,14151
Air India,2019-04-01,Kolkata,Banglore,05:50:00,13:15:00,445,2.0,No Info,5562
Air India,2019-05-06,Kolkata,Banglore,10:00:00,10:30:00,1470,3.0,No Info,12797
Jet Airways,2019-06-24,Delhi,Cochin,11:00:00,14:15:00,195,0.0,No Info,9564
Air India,2019-06-24,Banglore,Delhi,10:00:00,12:45:00,165,0.0,No Info,6961
Air India,2019-06-03,Delhi,Cochin,18:30:00,19:15:00,1485,2.0,No Info,12488
Jet Airways,2019-06-12,Kolkata,Banglore,09:35:00,23:35:00,840,1.0,No Info,12692
Air India,2019-05-09,Kolkata,Banglore,07:00:00,01:20:00,1100,2.0,No Info,13033
Jet Airways,2019-06-12,Delhi,Cochin,09:25:00,12:35:00,1630,2.0,No Info,13882
Multiple carriers,2019-06-03,Delhi,Cochin,09:15:00,19:00:00,585,1.0,No Info,11622
Jet Airways,2019-06-09,Delhi,Cochin,11:40:00,19:00:00,440,2.0,In-flight meal not included,15812
Jet Airways,2019-06-12,Kolkata,Banglore,06:30:00,16:20:00,590,1.0,No Info,13626
Air Asia,2019-05-21,Banglore,Delhi,11:10:00,13:55:00,165,0.0,No Info,3383
Air India,2019-06-27,Delhi,Cochin,17:20:00,09:25:00,965,1.0,No Info,7480
Jet Airways,2019-06-15,Delhi,Cochin,09:35:00,04:25:00,1130,2.0,No Info,13292
IndiGo,2019-03-27,Delhi,Cochin,16:10:00,22:20:00,370,1.0,No Info,6412
Jet Airways,2019-05-27,Delhi,Cochin,10:00:00,19:00:00,540,1.0,No Info,16079
Jet Airways,2019-06-15,Delhi,Cochin,14:35:00,04:25:00,830,2.0,No Info,13376
Air India,2019-05-24,Delhi,Cochin,23:00:00,19:15:00,1215,1.0,No Info,8582
Multiple carriers,2019-06-15,Delhi,Cochin,10:00:00,01:30:00,930,1.0,No Info,8510
Jet Airways,2019-05-21,Kolkata,Banglore,17:00:00,18:00:00,1500,1.0,No Info,14151
Jet Airways,2019-06-09,Kolkata,Banglore,09:35:00,09:45:00,1450,1.0,No Info,14151
Air India,2019-03-12,Mumbai,Hyderabad,06:00:00,19:25:00,2245,2.0,No Info,12119
IndiGo,2019-03-06,Delhi,Cochin,07:30:00,13:20:00,350,1.0,No Info,13628
IndiGo,2019-06-03,Mumbai,Hyderabad,21:20:00,22:50:00,90,0.0,No Info,2227
Jet Airways,2019-06-09,Delhi,Cochin,15:00:00,12:35:00,1295,1.0,In-flight meal not included,10262
Multiple carriers,2019-05-27,Delhi,Cochin,18:15:00,01:30:00,435,1.0,No Info,13377
Jet Airways,2019-05-27,Delhi,Cochin,14:00:00,04:25:00,865,1.0,In-flight meal not included,12898
IndiGo,2019-03-27,Kolkata,Banglore,22:10:00,00:55:00,165,0.0,No Info,4148
SpiceJet,2019-05-06,Kolkata,Banglore,06:55:00,09:30:00,155,0.0,No check-in baggage included,3841
Air India,2019-03-18,Kolkata,Banglore,20:45:00,23:20:00,155,0.0,No Info,4435
IndiGo,2019-06-03,Kolkata,Banglore,22:15:00,00:50:00,155,0.0,No Info,4804
Jet Airways,2019-05-21,Kolkata,Banglore,21:10:00,09:20:00,730,1.0,In-flight meal not included,10844
Jet Airways,2019-05-01,Kolkata,Banglore,16:30:00,08:15:00,945,1.0,In-flight meal not included,8586
Jet Airways,2019-06-09,Delhi,Cochin,21:25:00,12:35:00,910,2.0,No Info,13292
Air India,2019-03-03,Banglore,New Delhi,19:10:00,10:35:00,925,2.0,No Info,13355
Air India,2019-04-01,Kolkata,Banglore,05:50:00,23:15:00,1045,2.0,No Info,11516
Jet Airways,2019-05-18,Kolkata,Banglore,16:30:00,04:40:00,730,1.0,No Info,13941
Air Asia,2019-05-06,Kolkata,Banglore,19:55:00,22:25:00,150,0.0,No Info,4409
Jet Airways,2019-05-27,Banglore,Delhi,07:10:00,10:10:00,180,0.0,No Info,7229
SpiceJet,2019-05-21,Kolkata,Banglore,17:10:00,19:40:00,150,0.0,No Info,3873
SpiceJet,2019-03-21,Delhi,Cochin,06:10:00,11:20:00,310,1.0,No Info,6065
Air India,2019-05-21,Mumbai,Hyderabad,15:00:00,16:25:00,85,0.0,No Info,3100
IndiGo,2019-06-09,Kolkata,Banglore,19:20:00,23:45:00,265,1.0,No Info,4205
Air India,2019-03-21,Banglore,New Delhi,11:50:00,08:55:00,1265,1.0,No Info,5092
IndiGo,2019-03-18,Banglore,New Delhi,22:20:00,01:10:00,170,0.0,No Info,4545
Jet Airways,2019-05-21,Delhi,Cochin,20:55:00,19:00:00,1325,1.0,In-flight meal not included,12898
Jet Airways,2019-06-01,Delhi,Cochin,14:00:00,19:00:00,300,1.0,In-flight meal not included,10262
Jet Airways,2019-03-15,Mumbai,Hyderabad,10:20:00,11:50:00,90,0.0,In-flight meal not included,4160
Vistara,2019-05-15,Kolkata,Banglore,07:10:00,18:50:00,700,1.0,No Info,9345
Jet Airways,2019-06-09,Delhi,Cochin,21:50:00,04:25:00,395,1.0,No Info,14714
Jet Airways,2019-03-27,Delhi,Cochin,07:05:00,04:25:00,1280,1.0,In-flight meal not included,6645
Jet Airways,2019-06-12,Delhi,Cochin,02:15:00,19:00:00,1005,1.0,No Info,14714
IndiGo,2019-03-03,Mumbai,Hyderabad,21:20:00,22:45:00,85,0.0,No Info,4784
Air India,2019-06-15,Delhi,Cochin,06:05:00,09:25:00,1640,1.0,No Info,7480
IndiGo,2019-03-27,Delhi,Cochin,11:55:00,21:20:00,565,2.0,No Info,6494
Jet Airways,2019-03-01,Banglore,New Delhi,07:00:00,20:20:00,800,1.0,No Info,27992
Air India,2019-03-27,Mumbai,Hyderabad,06:20:00,07:40:00,80,0.0,No Info,2575
IndiGo,2019-05-06,Banglore,Delhi,01:30:00,04:15:00,165,0.0,No Info,4284
Air Asia,2019-04-01,Kolkata,Banglore,22:40:00,10:40:00,720,1.0,No Info,5192
Air India,2019-06-09,Mumbai,Hyderabad,13:55:00,15:25:00,90,0.0,No Info,3100
Air India,2019-05-18,Banglore,Delhi,17:00:00,19:45:00,165,0.0,No Info,7171
Jet Airways,2019-05-21,Kolkata,Banglore,17:00:00,10:55:00,1075,1.0,No Info,14151
Air India,2019-03-21,Delhi,Cochin,14:10:00,17:10:00,180,0.0,No Info,5674
Jet Airways,2019-06-09,Kolkata,Banglore,21:10:00,16:20:00,1150,1.0,In-flight meal not included,10844
Air India,2019-05-09,Kolkata,Banglore,08:20:00,20:25:00,725,2.0,No Info,11432
Jet Airways,2019-06-27,Delhi,Cochin,20:55:00,04:25:00,450,1.0,In-flight meal not included,12898
IndiGo,2019-06-09,Mumbai,Hyderabad,16:55:00,18:25:00,90,0.0,No Info,3175
Jet Airways,2019-06-12,Delhi,Cochin,08:00:00,19:00:00,660,1.0,In-flight meal not included,10577
IndiGo,2019-05-24,Banglore,Delhi,23:30:00,02:20:00,170,0.0,No Info,4591
Jet Airways,2019-06-03,Delhi,Cochin,09:00:00,19:00:00,600,1.0,No Info,14714
Air India,2019-06-09,Delhi,Cochin,20:00:00,19:15:00,1395,1.0,No Info,8372
IndiGo,2019-04-12,Kolkata,Banglore,15:30:00,18:05:00,155,0.0,No Info,4174
Multiple carriers,2019-03-21,Delhi,Cochin,09:45:00,21:20:00,695,2.0,No Info,7178
Jet Airways,2019-03-27,Delhi,Cochin,02:15:00,04:25:00,1570,1.0,No Info,12242
Jet Airways,2019-03-03,Delhi,Cochin,05:25:00,18:50:00,2245,2.0,No Info,20064
Jet Airways,2019-06-27,Delhi,Cochin,11:30:00,19:00:00,450,1.0,In-flight meal not included,10262
Jet Airways,2019-06-06,Mumbai,Hyderabad,19:35:00,21:05:00,90,0.0,No Info,5678
IndiGo,2019-05-21,Delhi,Cochin,14:25:00,17:40:00,195,0.0,No Info,5601
Jet Airways,2019-05-21,Kolkata,Banglore,21:10:00,16:20:00,1150,1.0,In-flight meal not included,10844
Air India,2019-03-06,Delhi,Cochin,12:30:00,09:25:00,1255,1.0,No Info,13832
Jet Airways,2019-06-06,Kolkata,Banglore,20:00:00,16:20:00,1220,1.0,In-flight meal not included,10844
SpiceJet,2019-03-15,Banglore,New Delhi,05:45:00,08:35:00,170,0.0,No check-in baggage included,5469
Multiple carriers,2019-03-06,Delhi,Cochin,09:00:00,21:00:00,720,1.0,No Info,15078
SpiceJet,2019-05-01,Kolkata,Banglore,09:00:00,11:25:00,145,0.0,No Info,4174
Jet Airways,2019-05-18,Delhi,Cochin,09:00:00,19:00:00,600,1.0,In-flight meal not included,12373
Jet Airways,2019-06-15,Delhi,Cochin,17:30:00,19:00:00,1530,1.0,In-flight meal not included,10262
Jet Airways,2019-06-12,Kolkata,Banglore,08:25:00,16:20:00,475,1.0,In-flight meal not included,9899
Multiple carriers,2019-06-15,Delhi,Cochin,08:45:00,21:00:00,735,1.0,No Info,7005
Jet Airways,2019-05-18,Delhi,Cochin,13:00:00,12:35:00,1415,1.0,In-flight meal not included,12373
IndiGo,2019-05-21,Delhi,Cochin,09:15:00,21:00:00,705,1.0,No Info,7318
Jet Airways,2019-05-24,Kolkata,Banglore,14:05:00,23:35:00,570,1.0,No Info,14571
SpiceJet,2019-05-18,Delhi,Cochin,06:05:00,11:20:00,315,1.0,No Info,6297
Jet Airways,2019-04-01,Kolkata,Banglore,14:05:00,20:45:00,400,1.0,No Info,13364
SpiceJet,2019-06-15,Kolkata,Banglore,06:55:00,09:30:00,155,0.0,No check-in baggage included,3841
Air India,2019-03-21,Banglore,New Delhi,22:00:00,23:20:00,1520,1.0,No Info,6010
Jet Airways,2019-04-09,Banglore,Delhi,17:45:00,20:45:00,180,0.0,In-flight meal not included,4544
SpiceJet,2019-04-12,Kolkata,Banglore,09:00:00,11:25:00,145,0.0,No Info,3873
Air India,2019-04-09,Delhi,Cochin,20:15:00,19:15:00,1380,2.0,No Info,9916
SpiceJet,2019-03-24,Kolkata,Banglore,11:35:00,18:50:00,435,1.0,No Info,9923
GoAir,2019-06-03,Delhi,Cochin,10:35:00,19:35:00,540,1.0,No Info,4959
IndiGo,2019-06-12,Delhi,Cochin,02:00:00,07:45:00,345,1.0,No Info,6386
Jet Airways,2019-04-18,Delhi,Cochin,11:00:00,14:15:00,195,0.0,In-flight meal not included,5443
Jet Airways,2019-06-12,Kolkata,Banglore,18:55:00,19:50:00,1495,1.0,No Info,13044
Jet Airways,2019-04-01,Delhi,Cochin,18:15:00,12:35:00,1100,1.0,In-flight meal not included,5406
IndiGo,2019-06-06,Chennai,Kolkata,22:05:00,00:25:00,140,0.0,No Info,5277
Air India,2019-06-24,Delhi,Cochin,13:30:00,23:00:00,570,1.0,No Info,8907
Jet Airways,2019-03-24,Kolkata,Banglore,19:45:00,16:20:00,1235,1.0,In-flight meal not included,10031
Jet Airways,2019-03-24,Mumbai,Hyderabad,19:35:00,21:05:00,90,0.0,No Info,5678
SpiceJet,2019-06-03,Mumbai,Hyderabad,13:15:00,14:45:00,90,0.0,No check-in baggage included,1965
Jet Airways,2019-03-01,Banglore,New Delhi,11:40:00,09:30:00,1310,1.0,No Info,25735
Air India,2019-05-21,Kolkata,Banglore,14:15:00,16:45:00,150,0.0,No Info,5510
IndiGo,2019-04-27,Banglore,Delhi,10:10:00,13:00:00,170,0.0,No Info,4423
Multiple carriers,2019-03-06,Delhi,Cochin,10:20:00,01:35:00,915,1.0,No Info,15147
Vistara,2019-03-01,Chennai,Kolkata,07:05:00,09:20:00,135,0.0,No Info,9125
Air India,2019-03-12,Banglore,New Delhi,06:45:00,18:05:00,2120,3.0,No Info,13387
Multiple carriers,2019-06-06,Delhi,Cochin,17:00:00,01:30:00,510,1.0,No Info,7198
SpiceJet,2019-05-01,Kolkata,Banglore,11:35:00,18:50:00,435,1.0,No Info,8479
Jet Airways,2019-06-15,Delhi,Cochin,09:40:00,04:25:00,1125,2.0,No Info,13014
Jet Airways,2019-03-21,Delhi,Cochin,19:10:00,18:50:00,1420,2.0,In-flight meal not included,6643
Jet Airways,2019-05-15,Kolkata,Banglore,08:25:00,18:15:00,590,1.0,No Info,14781
IndiGo,2019-05-12,Banglore,Delhi,23:30:00,02:20:00,170,0.0,No Info,4591
Multiple carriers,2019-05-09,Delhi,Cochin,10:35:00,19:15:00,520,1.0,No Info,7575
Jet Airways,2019-05-09,Kolkata,Banglore,16:30:00,23:35:00,425,1.0,No Info,14781
SpiceJet,2019-04-09,Kolkata,Banglore,17:10:00,19:40:00,150,0.0,No Info,3873
IndiGo,2019-06-18,Chennai,Kolkata,11:35:00,14:00:00,145,0.0,No Info,3858
Jet Airways,2019-03-12,Mumbai,Hyderabad,03:00:00,16:35:00,815,1.0,No Info,22294
SpiceJet,2019-03-09,Kolkata,Banglore,09:00:00,11:30:00,150,0.0,No Info,5515
IndiGo,2019-03-27,Delhi,Cochin,16:00:00,21:00:00,300,1.0,No Info,5073
Jet Airways,2019-06-06,Delhi,Cochin,09:40:00,04:25:00,1125,2.0,No Info,13014
Jet Airways,2019-04-15,Banglore,Delhi,17:45:00,20:45:00,180,0.0,No Info,7229
IndiGo,2019-03-15,Mumbai,Hyderabad,16:55:00,18:25:00,90,0.0,No Info,3175
Jet Airways,2019-03-06,Banglore,New Delhi,16:55:00,08:15:00,920,1.0,No Info,16736
IndiGo,2019-03-09,Banglore,New Delhi,23:30:00,02:20:00,170,0.0,No Info,4777
Multiple carriers,2019-06-09,Delhi,Cochin,10:00:00,21:00:00,660,1.0,No Info,7408
GoAir,2019-06-01,Delhi,Cochin,14:25:00,19:35:00,310,1.0,No Info,10651
Jet Airways,2019-05-09,Kolkata,Banglore,14:05:00,19:50:00,345,1.0,In-flight meal not included,10844
Air India,2019-06-01,Delhi,Cochin,13:30:00,23:00:00,570,1.0,No Info,8907
Jet Airways,2019-05-06,Kolkata,Banglore,16:30:00,22:35:00,365,1.0,No Info,14781
Jet Airways,2019-05-06,Kolkata,Banglore,20:00:00,09:20:00,800,1.0,No Info,14388
Jet Airways,2019-06-24,Banglore,Delhi,07:10:00,10:10:00,180,0.0,In-flight meal not included,5769
Jet Airways,2019-06-09,Delhi,Cochin,17:30:00,12:35:00,1145,1.0,In-flight meal not included,10262
Air India,2019-06-06,Delhi,Cochin,14:25:00,19:15:00,1730,2.0,No Info,13591
Jet Airways,2019-05-12,Kolkata,Banglore,14:05:00,23:35:00,570,1.0,No Info,14781
Vistara,2019-06-01,Chennai,Kolkata,17:45:00,20:05:00,140,0.0,No Info,11982
Vistara,2019-04-01,Kolkata,Banglore,20:20:00,09:05:00,765,1.0,No Info,7980
IndiGo,2019-04-06,Kolkata,Banglore,14:25:00,16:55:00,150,0.0,No Info,4174
Air India,2019-05-27,Delhi,Cochin,05:15:00,06:50:00,1535,1.0,No Info,8425
Multiple carriers,2019-05-15,Delhi,Cochin,13:00:00,01:30:00,750,1.0,No Info,13727
Multiple carriers,2019-06-24,Delhi,Cochin,09:45:00,16:10:00,385,1.0,No Info,9646
Jet Airways,2019-06-18,Mumbai,Hyderabad,10:20:00,11:50:00,90,0.0,No Info,8040
Jet Airways,2019-05-15,Kolkata,Banglore,17:00:00,14:25:00,1285,1.0,No Info,11467
Vistara,2019-05-15,Banglore,Delhi,07:00:00,09:40:00,160,0.0,No Info,4668
Jet Airways,2019-05-15,Kolkata,Banglore,20:25:00,23:35:00,1630,1.0,No Info,14151
IndiGo,2019-03-15,Banglore,New Delhi,16:55:00,21:50:00,295,1.0,No Info,5397
IndiGo,2019-04-18,Banglore,Delhi,13:00:00,15:50:00,170,0.0,No Info,4990
Air India,2019-05-01,Kolkata,Banglore,12:00:00,07:55:00,1195,2.0,No Info,10151
Jet Airways,2019-05-01,Banglore,Delhi,11:10:00,14:05:00,175,0.0,In-flight meal not included,4030
Multiple carriers,2019-03-03,Delhi,Cochin,16:00:00,01:35:00,575,1.0,No Info,21226
IndiGo,2019-04-01,Kolkata,Banglore,08:10:00,13:00:00,290,1.0,No Info,5069
Jet Airways,2019-05-21,Delhi,Cochin,19:45:00,12:35:00,1010,1.0,In-flight meal not included,12898
Jet Airways,2019-05-18,Kolkata,Banglore,16:30:00,23:35:00,425,1.0,No Info,14781
Air India,2019-03-12,Banglore,New Delhi,11:50:00,08:55:00,1265,1.0,No Info,11707
GoAir,2019-06-06,Kolkata,Banglore,23:30:00,07:45:00,495,1.0,No Info,6686
SpiceJet,2019-06-06,Kolkata,Banglore,09:00:00,11:25:00,145,0.0,No check-in baggage included,3841
SpiceJet,2019-03-12,Chennai,Kolkata,08:20:00,10:35:00,135,0.0,No Info,6300
Multiple carriers,2019-06-01,Delhi,Cochin,10:00:00,19:15:00,555,1.0,No Info,16108
Vistara,2019-05-21,Kolkata,Banglore,07:10:00,09:05:00,1555,1.0,No Info,8452
Air India,2019-03-15,Banglore,New Delhi,09:30:00,16:20:00,410,1.0,No Info,8714
Jet Airways,2019-05-27,Delhi,Cochin,11:30:00,19:00:00,450,1.0,No Info,16079
Jet Airways,2019-06-12,Delhi,Cochin,05:30:00,19:00:00,810,2.0,No Info,13292
Multiple carriers,2019-06-03,Delhi,Cochin,11:40:00,19:15:00,455,1.0,No Info,9001
IndiGo,2019-06-06,Delhi,Cochin,08:30:00,21:00:00,750,1.0,No Info,6416
Jet Airways,2019-06-24,Delhi,Cochin,05:30:00,19:00:00,810,2.0,No Info,13292
Jet Airways,2019-03-09,Delhi,Cochin,19:45:00,04:25:00,520,1.0,In-flight meal not included,11848
Multiple carriers,2019-05-21,Delhi,Cochin,10:00:00,01:30:00,930,1.0,No Info,7888
Jet Airways,2019-06-09,Delhi,Cochin,09:40:00,19:00:00,560,2.0,No Info,13014
SpiceJet,2019-05-24,Chennai,Kolkata,09:45:00,12:00:00,135,0.0,No check-in baggage included,3543
IndiGo,2019-03-15,Banglore,New Delhi,23:30:00,02:20:00,170,0.0,No Info,8033
Multiple carriers,2019-03-09,Delhi,Cochin,02:15:00,12:55:00,640,1.0,In-flight meal not included,18260
IndiGo,2019-06-24,Delhi,Cochin,14:20:00,17:35:00,195,0.0,No Info,5000
Jet Airways,2019-06-09,Kolkata,Banglore,20:25:00,18:00:00,1295,1.0,No Info,13401
Air India,2019-05-21,Delhi,Cochin,20:40:00,09:25:00,765,1.0,No Info,7480
Jet Airways,2019-06-06,Banglore,Delhi,08:20:00,11:20:00,180,0.0,In-flight meal not included,6478
SpiceJet,2019-05-24,Chennai,Kolkata,08:20:00,10:35:00,135,0.0,No Info,3597
Jet Airways,2019-03-03,Delhi,Cochin,05:25:00,04:25:00,1380,2.0,No Info,18799
Air India,2019-05-15,Delhi,Cochin,18:05:00,21:10:00,185,0.0,No Info,6094
IndiGo,2019-04-24,Kolkata,Banglore,21:25:00,00:05:00,160,0.0,No Info,4804
IndiGo,2019-04-27,Banglore,Delhi,06:05:00,08:50:00,165,0.0,No Info,4423
Jet Airways,2019-06-06,Delhi,Cochin,19:15:00,04:25:00,550,1.0,In-flight meal not included,10262
Air India,2019-03-03,Delhi,Cochin,05:55:00,19:15:00,2240,2.0,No Info,13748
Jet Airways,2019-06-24,Delhi,Cochin,09:00:00,12:35:00,1655,1.0,In-flight meal not included,10262
Multiple carriers,2019-04-27,Delhi,Cochin,07:10:00,16:10:00,540,1.0,In-flight meal not included,6093
Vistara,2019-04-21,Banglore,Delhi,17:00:00,19:35:00,155,0.0,No Info,5613
Jet Airways,2019-05-09,Kolkata,Banglore,17:00:00,21:05:00,1685,1.0,No Info,13067
Jet Airways,2019-06-15,Delhi,Cochin,11:00:00,14:15:00,195,0.0,In-flight meal not included,7202
Jet Airways,2019-03-09,Delhi,Cochin,18:15:00,18:50:00,1475,1.0,No Info,16289
Air India,2019-05-06,Kolkata,Banglore,10:00:00,10:00:00,1440,2.0,No Info,14298
Multiple carriers,2019-05-18,Delhi,Cochin,08:45:00,19:15:00,630,1.0,No Info,8476
IndiGo,2019-05-21,Delhi,Cochin,07:35:00,12:10:00,275,1.0,No Info,5054
Air Asia,2019-05-12,Banglore,Delhi,11:10:00,13:55:00,165,0.0,No Info,3383
Vistara,2019-05-01,Kolkata,Banglore,07:10:00,18:50:00,700,1.0,No Info,9345
IndiGo,2019-06-01,Mumbai,Hyderabad,20:05:00,21:40:00,95,0.0,No Info,2227
GoAir,2019-06-09,Delhi,Cochin,10:35:00,19:35:00,540,1.0,No Info,5281
IndiGo,2019-04-21,Banglore,Delhi,01:30:00,04:15:00,165,0.0,No Info,4591
Vistara,2019-03-06,Mumbai,Hyderabad,10:25:00,22:55:00,750,1.0,No Info,12395
Air India,2019-06-09,Kolkata,Banglore,10:00:00,05:25:00,1165,2.0,No Info,12744
Jet Airways,2019-05-21,Kolkata,Banglore,20:00:00,19:50:00,1430,1.0,In-flight meal not included,10844
IndiGo,2019-03-09,Banglore,New Delhi,10:30:00,13:20:00,170,0.0,No Info,6860
Jet Airways,2019-05-18,Kolkata,Banglore,05:45:00,18:15:00,750,1.0,No Info,14781
Jet Airways,2019-06-24,Delhi,Cochin,16:00:00,12:35:00,1235,1.0,In-flight meal not included,10262
Jet Airways,2019-06-12,Kolkata,Banglore,14:05:00,22:35:00,510,1.0,No Info,13626
Air Asia,2019-06-12,Delhi,Cochin,07:55:00,15:45:00,470,1.0,No Info,6152
IndiGo,2019-04-03,Mumbai,Hyderabad,06:25:00,07:55:00,90,0.0,No Info,4049
Jet Airways,2019-06-01,Delhi,Cochin,19:30:00,04:25:00,535,2.0,No Info,13014
Jet Airways,2019-03-06,Delhi,Cochin,05:25:00,04:25:00,1380,2.0,No Info,16914
SpiceJet,2019-06-15,Mumbai,Hyderabad,13:15:00,14:45:00,90,0.0,No Info,2017
Multiple carriers,2019-05-21,Delhi,Cochin,12:50:00,19:15:00,385,1.0,No Info,8266
Jet Airways,2019-05-18,Kolkata,Banglore,21:10:00,08:15:00,665,1.0,In-flight meal not included,8586
Multiple carriers,2019-06-15,Delhi,Cochin,07:10:00,16:10:00,540,1.0,In-flight meal not included,6093
Jet Airways,2019-05-06,Delhi,Cochin,22:50:00,04:25:00,335,1.0,No Info,15554
Jet Airways,2019-06-06,Kolkata,Banglore,20:25:00,09:45:00,800,1.0,No Info,12692
IndiGo,2019-06-18,Kolkata,Banglore,15:15:00,17:45:00,150,0.0,No Info,4804
SpiceJet,2019-05-24,Banglore,Delhi,09:30:00,12:20:00,170,0.0,No Info,3625
SpiceJet,2019-04-01,Kolkata,Banglore,17:10:00,19:40:00,150,0.0,No check-in baggage included,3841
Jet Airways,2019-06-09,Delhi,Cochin,05:30:00,12:35:00,425,2.0,In-flight meal not included,13344
Jet Airways,2019-05-18,Kolkata,Banglore,05:45:00,12:00:00,375,1.0,No Info,13941
Air India,2019-05-24,Kolkata,Banglore,09:25:00,13:45:00,1700,2.0,No Info,12592
Jet Airways,2019-03-06,Delhi,Cochin,11:30:00,18:50:00,440,1.0,No Info,17024
Jet Airways,2019-05-21,Kolkata,Banglore,09:35:00,19:10:00,575,1.0,In-flight meal not included,12384
Air India,2019-06-06,Kolkata,Banglore,05:50:00,12:30:00,1840,2.0,No Info,12723
IndiGo,2019-03-27,Kolkata,Banglore,05:30:00,08:20:00,170,0.0,No Info,4148
Jet Airways,2019-05-18,Delhi,Cochin,19:15:00,19:00:00,1425,1.0,In-flight meal not included,12373
Jet Airways,2019-06-12,Kolkata,Banglore,20:00:00,09:20:00,800,1.0,In-flight meal not included,8529
Multiple carriers,2019-06-01,Delhi,Cochin,04:55:00,19:00:00,845,1.0,No Info,11098
Air India,2019-05-06,Kolkata,Banglore,05:50:00,23:15:00,1045,2.0,No Info,11883
SpiceJet,2019-05-01,Chennai,Kolkata,08:20:00,10:35:00,135,0.0,No Info,3597
Multiple carriers,2019-03-27,Delhi,Cochin,06:00:00,13:20:00,440,1.0,No Info,7845
IndiGo,2019-03-24,Banglore,New Delhi,04:00:00,06:50:00,170,0.0,No Info,4777
SpiceJet,2019-05-03,Banglore,Delhi,05:55:00,08:35:00,160,0.0,No Info,3625
SpiceJet,2019-06-27,Chennai,Kolkata,09:45:00,12:00:00,135,0.0,No check-in baggage included,3543
Jet Airways,2019-06-03,Delhi,Cochin,16:00:00,04:25:00,745,1.0,No Info,14714
IndiGo,2019-06-01,Delhi,Cochin,09:15:00,21:00:00,705,1.0,No Info,7258
Jet Airways,2019-06-01,Delhi,Cochin,20:55:00,04:25:00,450,1.0,In-flight meal not included,10262
IndiGo,2019-05-06,Mumbai,Hyderabad,12:00:00,13:30:00,90,0.0,No Info,2754
IndiGo,2019-03-03,Banglore,New Delhi,00:40:00,03:25:00,165,0.0,No Info,6144
Air India,2019-05-24,Kolkata,Banglore,10:00:00,05:25:00,1165,2.0,No Info,15107
Multiple carriers,2019-05-18,Delhi,Cochin,09:00:00,21:00:00,720,1.0,No Info,13727
Air India,2019-06-03,Delhi,Cochin,05:15:00,19:15:00,2280,3.0,No Info,10493
IndiGo,2019-05-24,Banglore,Delhi,01:30:00,04:15:00,165,0.0,No Info,3419
Air Asia,2019-06-12,Kolkata,Banglore,10:20:00,12:55:00,155,0.0,No Info,3807
Air India,2019-05-06,Kolkata,Banglore,10:00:00,01:20:00,920,2.0,No Info,13873
Jet Airways,2019-06-06,Delhi,Cochin,20:00:00,04:25:00,505,2.0,In-flight meal not included,15318
IndiGo,2019-06-27,Delhi,Cochin,11:25:00,01:30:00,845,1.0,No Info,5684
Air India,2019-03-09,Banglore,New Delhi,17:00:00,19:45:00,165,0.0,No Info,10741
Jet Airways,2019-03-06,Delhi,Cochin,13:00:00,18:50:00,350,1.0,In-flight meal not included,15103
Air India,2019-06-09,Delhi,Cochin,07:05:00,09:25:00,1580,2.0,No Info,11185
Jet Airways,2019-04-03,Banglore,Delhi,18:55:00,22:00:00,185,0.0,In-flight meal not included,4544
IndiGo,2019-04-12,Banglore,Delhi,20:00:00,22:50:00,170,0.0,No Info,4990
Jet Airways,2019-03-06,Delhi,Cochin,22:20:00,19:45:00,1285,1.0,No Info,17024
IndiGo,2019-05-12,Mumbai,Hyderabad,19:05:00,20:35:00,90,0.0,No Info,2754
Air India,2019-06-03,Delhi,Cochin,13:20:00,07:40:00,1100,2.0,No Info,11911
Jet Airways,2019-06-24,Delhi,Cochin,11:40:00,19:00:00,440,2.0,No Info,18804
Multiple carriers,2019-06-27,Delhi,Cochin,10:20:00,01:30:00,910,1.0,No Info,6270
Jet Airways,2019-06-09,Delhi,Cochin,11:30:00,19:00:00,450,1.0,No Info,14714
SpiceJet,2019-06-06,Mumbai,Hyderabad,22:45:00,00:15:00,90,0.0,No check-in baggage included,1965
Jet Airways,2019-05-21,Kolkata,Banglore,06:30:00,12:00:00,330,1.0,In-flight meal not included,9663
Jet Airways,2019-05-01,Kolkata,Banglore,17:00:00,21:05:00,1685,1.0,No Info,12121
IndiGo,2019-04-03,Banglore,Delhi,16:55:00,19:55:00,180,0.0,No Info,4823
Multiple carriers,2019-05-18,Delhi,Cochin,19:00:00,01:30:00,390,1.0,No Info,7670
Jet Airways,2019-06-15,Delhi,Cochin,14:00:00,19:00:00,300,1.0,No Info,14714
IndiGo,2019-04-09,Delhi,Cochin,15:00:00,01:30:00,630,1.0,No Info,6270
Multiple carriers,2019-05-24,Delhi,Cochin,14:55:00,22:30:00,455,1.0,No Info,7740
SpiceJet,2019-03-15,Kolkata,Banglore,09:00:00,11:30:00,150,0.0,No check-in baggage included,3815
Multiple carriers,2019-05-15,Delhi,Cochin,09:15:00,19:15:00,600,1.0,No Info,8099
Jet Airways,2019-06-01,Delhi,Cochin,11:30:00,12:35:00,1505,1.0,In-flight meal not included,10262
Air Asia,2019-06-09,Delhi,Cochin,16:45:00,22:25:00,340,1.0,No Info,13470
Air India,2019-06-06,Kolkata,Banglore,16:50:00,05:35:00,765,2.0,No Info,11432
Jet Airways,2019-05-12,Kolkata,Banglore,18:55:00,09:20:00,865,1.0,No Info,14388
Air India,2019-05-12,Kolkata,Banglore,09:50:00,23:15:00,805,3.0,No Info,14015
SpiceJet,2019-03-27,Kolkata,Banglore,22:20:00,00:40:00,140,0.0,No Info,3847
Jet Airways,2019-03-21,Banglore,New Delhi,07:00:00,15:15:00,495,1.0,In-flight meal not included,7832
SpiceJet,2019-05-24,Kolkata,Banglore,22:20:00,00:40:00,140,0.0,No Info,3873
IndiGo,2019-04-27,Delhi,Cochin,05:05:00,12:10:00,425,1.0,No Info,7160
Air India,2019-03-15,Mumbai,Hyderabad,06:20:00,07:40:00,80,0.0,No Info,3100
Jet Airways,2019-03-06,Banglore,New Delhi,11:40:00,05:05:00,1045,1.0,No Info,16736
Multiple carriers,2019-03-06,Delhi,Cochin,09:00:00,15:30:00,390,1.0,No Info,15078
Jet Airways,2019-05-12,Kolkata,Banglore,17:00:00,10:55:00,1075,1.0,No Info,14151
Multiple carriers,2019-03-27,Delhi,Cochin,13:00:00,21:00:00,480,1.0,No Info,12537
Jet Airways,2019-06-27,Delhi,Cochin,21:25:00,19:00:00,1295,2.0,No Info,13292
Jet Airways,2019-06-09,Delhi,Cochin,09:25:00,12:35:00,1630,2.0,No Info,13882
Jet Airways,2019-06-03,Delhi,Cochin,17:30:00,04:25:00,655,1.0,In-flight meal not included,10262
Multiple carriers,2019-06-24,Delhi,Cochin,06:00:00,12:35:00,395,1.0,No Info,12524
Jet Airways,2019-03-27,Mumbai,Hyderabad,15:50:00,17:20:00,90,0.0,In-flight meal not included,2071
SpiceJet,2019-05-01,Banglore,Delhi,09:30:00,12:20:00,170,0.0,No Info,4423
Jet Airways,2019-06-01,Banglore,Delhi,08:20:00,11:20:00,180,0.0,In-flight meal not included,7229
Air India,2019-05-27,Delhi,Cochin,05:15:00,19:15:00,2280,3.0,No Info,10493
Multiple carriers,2019-03-27,Delhi,Cochin,07:30:00,19:15:00,705,1.0,No Info,8371
Jet Airways,2019-03-21,Delhi,Cochin,19:10:00,18:50:00,1420,2.0,In-flight meal not included,8834
SpiceJet,2019-06-15,Kolkata,Banglore,09:00:00,11:25:00,145,0.0,No check-in baggage included,3841
Multiple carriers,2019-03-01,Delhi,Cochin,12:50:00,19:15:00,385,1.0,No Info,36983
Jet Airways,2019-06-27,Banglore,Delhi,11:10:00,14:05:00,175,0.0,No Info,8016
Air India,2019-03-03,Banglore,New Delhi,11:05:00,22:45:00,700,1.0,No Info,11444
Air India,2019-04-09,Delhi,Cochin,05:55:00,19:15:00,2240,2.0,No Info,7711
Air India,2019-03-21,Delhi,Cochin,05:10:00,08:00:00,170,0.0,No Info,5674
IndiGo,2019-05-24,Kolkata,Banglore,15:10:00,20:30:00,320,1.0,No Info,6991
Jet Airways,2019-03-06,Banglore,New Delhi,08:00:00,23:00:00,900,1.0,No Info,16736
IndiGo,2019-03-21,Chennai,Kolkata,07:55:00,10:15:00,140,0.0,No Info,3384
Jet Airways,2019-05-06,Kolkata,Banglore,20:00:00,08:15:00,735,1.0,No Info,14388
IndiGo,2019-06-01,Delhi,Cochin,08:30:00,21:00:00,750,1.0,No Info,6416
IndiGo,2019-06-15,Delhi,Cochin,15:10:00,20:00:00,290,1.0,No Info,6147
Air India,2019-03-03,Mumbai,Hyderabad,21:05:00,22:25:00,80,0.0,No Info,4937
Jet Airways,2019-06-06,Kolkata,Banglore,09:35:00,21:05:00,690,1.0,In-flight meal not included,13469
Multiple carriers,2019-06-01,Delhi,Cochin,08:45:00,19:15:00,630,1.0,No Info,10261
Multiple carriers,2019-03-27,Delhi,Cochin,07:30:00,19:15:00,705,1.0,No Info,9100
Jet Airways,2019-03-09,Delhi,Cochin,05:25:00,04:25:00,1380,2.0,No Info,16914
